{
  "_fv": 60,
  "_type": "structure",
  "definition": {
    "structure": "mingxtnewman1141",
    "projection": "terrain_matching",
    "ignoredBlocks": [
      {
        "value": "Blocks.STRUCTURE_BLOCK"
      },
      {
        "value": "Blocks.AIR"
      },
      {
        "value": "Blocks.VOID_AIR"
      },
      {
        "value": "Blocks.CAVE_AIR"
      }
    ],
    "spacing": 25,
    "separation": 3,
    "restrictionBiomes": [
      {
        "value": "plains"
      },
      {
        "value": "forest"
      }
    ],
    "surfaceDetectionType": "WORLD_SURFACE_WG",
    "terrainAdaptation": "bury",
    "generationStep": "SURFACE_STRUCTURES",
    "size": 1,
    "maxDistanceFromCenter": 64,
    "jigsawPools": []
  }
}