{
  "_fv": 60,
  "_type": "achievement",
  "definition": {
    "achievementName": "欢迎来到明小天的家",
    "achievementDescription": "进入明小天的家维度",
    "achievementIcon": {
      "value": "CUSTOM:Mingxtblock"
    },
    "background": "Default",
    "disableDisplay": false,
    "showPopup": true,
    "announceToChat": true,
    "hideIfNotCompleted": true,
    "rewardLoot": [],
    "rewardRecipes": [],
    "rewardFunction": "No function",
    "rewardXP": 0,
    "achievementType": "task",
    "parent": {
      "value": "No parent: root"
    },
    "triggerxml": "<xml xmlns=\"https://developers.google.com/blockly/xml\"><block type=\"advancement_trigger\" deletable=\"false\" x=\"147\" y=\"86\"><next><block type=\"dimension_entered\"><field name=\"dimension\">CUSTOM:Mingxthome</field></block></next></block></xml>"
  }
}