{
  "_fv": 60,
  "_type": "recipe",
  "definition": {
    "recipeType": "Crafting",
    "recipeRetstackSize": 1,
    "group": "",
    "cookingBookCategory": "MISC",
    "xpReward": 0.0,
    "cookingTime": 200,
    "craftingBookCategory": "MISC",
    "recipeShapeless": false,
    "recipeSlots": [
      {
        "value": "CUSTOM:Mingxtblock"
      },
      {
        "value": "CUSTOM:Mingxtblock"
      },
      {
        "value": "CUSTOM:Mingxtblock"
      },
      {
        "value": "Blocks.DIAMOND_BLOCK"
      },
      {
        "value": "CUSTOM:Mingxtblock"
      },
      {
        "value": "Blocks.DIAMOND_BLOCK"
      },
      {
        "value": ""
      },
      {
        "value": "CUSTOM:Mingxttorchx2"
      },
      {
        "value": ""
      }
    ],
    "recipeReturnStack": {
      "value": "CUSTOM:Mingxtwuxianturch"
    },
    "name": "mingxtwuxianhuobar",
    "namespace": "mod"
  }
}