{
  "has_precipitation": true,
  "temperature": 0.5,
  "downfall": 0.5,
  "effects": {
    "ambient_sound": "ambient.crimson_forest.mood",
    "mood_sound": {
      "sound": "ambient.crimson_forest.loop",
      "tick_delay": 6000,
      "offset": 8,
      "block_search_extent": 2
    },
    "music": {
      "sound": "ambient.crimson_forest.additions",
      "min_delay": 12000,
      "max_delay": 24000,
      "replace_current_music": true
    },
    "foliage_color": -16711936,
    "grass_color": -10027162,
    "sky_color": 7972607,
    "fog_color": 12638463,
    "water_color": -16737793,
    "water_fog_color": -16711681
  },
  "spawners": {
    "monster": [],
    "creature": [],
    "ambient": [],
    "axolotls": [],
    "underground_water_creature": [],
    "water_creature": [],
    "water_ambient": [],
    "misc": []
  },
  "spawn_costs": {},
  "carvers": {
    "air": [
      "minecraft:cave",
      "minecraft:cave_extra_underground",
      "minecraft:canyon"
    ]
  },
  "features": [
    [],
    [
      "minecraft:lake_lava_underground"
    ],
    [],
    [],
    [],
    [],
    [
      "minecraft:ore_coal_upper",
      "minecraft:ore_coal_lower",
      "minecraft:ore_iron_upper",
      "minecraft:ore_iron_middle",
      "minecraft:ore_iron_small",
      "minecraft:ore_gold",
      "minecraft:ore_gold_lower",
      "minecraft:ore_redstone",
      "minecraft:ore_redstone_lower",
      "minecraft:ore_diamond",
      "minecraft:ore_diamond_large",
      "minecraft:ore_diamond_buried",
      "minecraft:ore_lapis",
      "minecraft:ore_lapis_buried",
      "minecraft:ore_copper",
      "minecraft:underwater_magma"
    ],
    [],
    [],
    [
      "mingxtfunmod:mmingxtforest_tree"
    ],
    [
      "minecraft:freeze_top_layer"
    ]
  ]
}